contract_address,commitment,amount,index,chain,message_id,tx_hash,block_number,block_hash,network,tx_index,log_index
0x0021e75635965453c840e8c54015ef906a4a99e3,0x005790c53f13dfbb7846a88c58316230881ddfa207a684feba7b0d29cb54aa26,1000000000000000000,0,0,0x0000000000000000000000000000000000000000000000000000000000000000,0x9f31d343c3f702264aeccc425cc6c561c2166f9f521ddbf6523efebc7c2bf141,8568377,0xc1dffba1cacd0907cb7807f995ad6732731ef53d9653246f518db1af6869139b,sepolia
0x0021e75635965453c840e8c54015ef906a4a99e3,0x2e2de0177a82b3c7c1bf35e2599720788ac2a48d5b5ff5a935417a57134f125f,1000000000000000000,1,0,0x0000000000000000000000000000000000000000000000000000000000000000,0x16f8c8517c1891e1a4108b69d52b5abdf6dbe1b36eab9dff89c651ee42f035f0,8569444,0x7c93a9143120bb5b2379254deaadf09337be61ac98be6f145a59937391cc37b1,sepolia
0x0021e75635965453c840e8c54015ef906a4a99e3,0x024650c9852cc0b0a672d915fccfd793cd921189bbe3b6506dc74346e08be7a1,1000000000000000000,2,14767482510784806043,0xa5886d8dbaf2a4d6fa6a1632907402900a4c39fdee53bef86ca9cd139a4a3c77,0xcca913af9cc294c4b5f213c20bf5977aea145c53f0bb5b6bf1d84763eb09ab1a,8575899,0xb9fa938a0d75fcd364492b4bf8ca97992c30b69eb1351024112363b832b976d9,sepolia
0x0021e75635965453c840e8c54015ef906a4a99e3,0x0a531ae5386ee0cebcf1e8cf0f98fde1ec77bd391606decf6ce1b45e7ef4bc44,1000000000000000000,3,14767482510784806043,0x96f4eaa2f142a3d639d97280c07bc5f05e8880fafa42457a25aee610a1b6d8d0,0xe21a3f5177d20bc6f1d3ae3c4c762f0da812cd8f92bfde4d90bcbbef4431aed0,8575907,0x48e7341cdc23ab977969d12da6c0defa55508a9ef26317f6c1185f811227b426,sepolia
0x0021e75635965453c840e8c54015ef906a4a99e3,0x2ebb017ee036ebce83dcd726342f56aacc8c71d3e928a1d0962a376fec5c6c37,1000000000000000000,4,0,0x0000000000000000000000000000000000000000000000000000000000000000,0xe2b7aa90ed56e07418ff4111756602cfe5e9da5762c0825adac6e9987af3abda,8576270,0x7e44092409370e514566e4179fbe23f67fc1b0a178589c1da2cb8d4850275077,sepolia
0x0021e75635965453c840e8c54015ef906a4a99e3,0x0d17a8877b356231d9a7a11653988802e78ec3f3d492c65b015e501e4570f955,1000000000000000000,5,14767482510784806043,0x364b880595f65a8eec9fb97f216e9ba075e7761dded93f4c94796ba039452a72,0x6c5b616b08f466164267c5a30dc728dfdaffa057d1435af9b0e2c091490ecaa6,8576290,0x4044aba7556a7db1f93bb1f03021184bcbedc48bbcfe1d0d4ca21813cef680cf,sepolia
0x0021e75635965453c840e8c54015ef906a4a99e3,0x159a52a3d27df22edc3b4b88a761c28627caf126dc5782e87afec4f3748669a2,2000000000000000000,6,0,0x0000000000000000000000000000000000000000000000000000000000000000,0xadc110979fdc893ff7b7615cecd1956c6cb0eb435d416ecac69684bf771e0c2b,8576440,0x79347a24b5491c7d81ca6aa47d97091542c831974e334e851dab90d0fa0558df,sepolia
0x0021e75635965453c840e8c54015ef906a4a99e3,0x03af469120a4a8d0de6ccf4408256ffcfa735298c8aaf9b15fe1297eaf1a4f20,1000000000000000000,7,0,0x0000000000000000000000000000000000000000000000000000000000000000,0x22c2f4f332cd0471c0db2efb75b9409f755be72c5e705c4ce52da517ba1d5369,8576636,0x62a9232d9c8a57b1d27a11554328cdebaa64d5ad0fbd99d0ba09ec1b2962a972,sepolia
0x0021e75635965453c840e8c54015ef906a4a99e3,0x25e85e994060e8ba60afe0c6e66ed7fb2b831499656b134a473e484138d7b93b,1000000000000000000,8,14767482510784806043,0xd59683d1f1b3d55098e7239b30177252ef5efe5533c3fb3f0f5c13fb0a3dcac3,0xbdf0a87aea282ea676342b0182b4294ae18c908ada9563d7c5d189119d4bdee9,8583758,0x421047aba1af770008a1949545ed0cafcc049cb666fa5d11a3399ac6e7c57aa2,sepolia
0x0021e75635965453c840e8c54015ef906a4a99e3,0x02dc3e68868576a9f53affab8f1f2f6ee52774ce9543393512878dc8cb91cb8f,1000000000000000000,9,10344971235874465080,0x472f14450354d5c6be93c08834031dba492bf1ac42bb749149bed2401358d712,0x5a25111c27f07973f3908f444da2189d8b0645af836703e0470ea30c423f8294,8583909,0xffd59aad7384b8d001d4673f65999b253f7b4de9b50eabb035e7af119890e55a,sepolia
